# name	inventoryValid	recipes	baseDurability	durabilityStep	maxQuality	maxStack
Abomination_attack1	false		100	50	1	1
Abomination_attack2	false		100	50	1	1
Abomination_attack3	false		100	50	1	1
Acorn	true		100	50	1	100
Amber	true		100	50	1	20
AmberPearl	true		100	50	1	50
AncientSeed	true		100	50	1	50
ArmorAshlandsMediumChest	true	Recipe_ArmorMediumChest_Ashlands	1000	200	4	1
ArmorAshlandsMediumlegs	true	Recipe_ArmorMediumLegs_Ashlands	1000	200	4	1
ArmorBerserkerChest	true	Recipe_ArmorBerserkerChest	1000	200	4	1
ArmorBerserkerLegs	true	Recipe_ArmorBerserkerLegs	1000	200	4	1
ArmorBerserkerUndeadChest	true	Recipe_ArmorBerserkerUndeadChest	1000	200	4	1
ArmorBerserkerUndeadLegs	true	Recipe_ArmorBerserkerUndeadLegs	1000	200	4	1
ArmorBronzeChest	true	Recipe_ArmorBronzeChest	1000	200	4	1
ArmorBronzeLegs	true	Recipe_ArmorBronzeLegs	1000	200	4	1
ArmorCarapaceChest	true	Recipe_ArmorCarapaceChest	1200	200	4	1
ArmorCarapaceLegs	true	Recipe_ArmorCarapaceLegs	1200	200	4	1
ArmorDress1	true	Recipe_ArmorDress1	1000	200	4	1
ArmorDress10	true	Recipe_ArmorDress10	1000	200	4	1
ArmorDress2	true	Recipe_ArmorDress2	1000	200	4	1
ArmorDress3	true	Recipe_ArmorDress3	1000	200	4	1
ArmorDress4	true	Recipe_ArmorDress4	1000	200	4	1
ArmorDress5	true	Recipe_ArmorDress5	1000	200	4	1
ArmorDress6	true	Recipe_ArmorDress6	1000	200	4	1
ArmorDress7	true	Recipe_ArmorDress7	1000	200	4	1
ArmorDress8	true	Recipe_ArmorDress8	1000	200	4	1
ArmorDress9	true	Recipe_ArmorDress9	1000	200	4	1
ArmorFenringChest	true	Recipe_ArmorFenrirChest	1000	200	4	1
ArmorFenringLegs	true	Recipe_ArmorFenrirLegs	1000	200	4	1
ArmorFlametalChest	true	Recipe_ArmorFlametalChest	1000	200	4	1
ArmorFlametalLegs	true	Recipe_ArmorFlametalLegs	1000	200	4	1
ArmorHarvester1	true	Recipe_ArmorHarvester1	1000	200	4	1
ArmorHarvester2	true	Recipe_ArmorHarvester2	1000	200	4	1
ArmorIronChest	true	Recipe_ArmorIronChest	1000	200	4	1
ArmorIronLegs	true	Recipe_ArmorIronLegs	1000	200	4	1
ArmorLeatherChest	true	Recipe_ArmorLeatherChest	400	100	4	1
ArmorLeatherLegs	true	Recipe_ArmorLeatherLegs	400	100	4	1
ArmorMageChest	true	Recipe_ArmorMageChest	1000	200	4	1
ArmorMageChest_Ashlands	true	Recipe_ArmorMageChest_Ashlands	1000	200	4	1
ArmorMageLegs	true	Recipe_ArmorMageLegs	1000	200	4	1
ArmorMageLegs_Ashlands	true	Recipe_ArmorMageLegs_Ashlands	1000	200	4	1
ArmorPaddedCuirass	true	Recipe_ArmorPaddedCuirass	1000	200	4	1
ArmorPaddedGreaves	true	Recipe_ArmorPaddedGreaves	1000	200	4	1
ArmorRagsChest	true	Recipe_ArmorRagsChest	200	50	2	1
ArmorRagsLegs	true	Recipe_ArmorRagsLegs	200	50	2	1
ArmorRootChest	true	Recipe_ArmorRootChest	800	100	4	1
ArmorRootLegs	true	Recipe_ArmorRootLegs	800	100	4	1
ArmorTrollLeatherChest	true	Recipe_ArmorTrollLeatherChest	500	200	4	1
ArmorTrollLeatherLegs	true	Recipe_ArmorTrollLeatherLegs	500	200	4	1
ArmorTunic1	true	Recipe_ArmorTunic1	1000	200	4	1
ArmorTunic10	true	Recipe_ArmorTunic10	1000	200	4	1
ArmorTunic2	true	Recipe_ArmorTunic2	1000	200	4	1
ArmorTunic3	true	Recipe_ArmorTunic3	1000	200	4	1
ArmorTunic4	true	Recipe_ArmorTunic4	1000	200	4	1
ArmorTunic5	true	Recipe_ArmorTunic5	1000	200	4	1
ArmorTunic6	true	Recipe_ArmorTunic6	1000	200	4	1
ArmorTunic7	true	Recipe_ArmorTunic7	1000	200	4	1
ArmorTunic8	true	Recipe_ArmorTunic8	1000	200	4	1
ArmorTunic9	true	Recipe_ArmorTunic9	1000	200	4	1
ArmorWolfChest	true	Recipe_ArmorWolfChest	1000	200	4	1
ArmorWolfLegs	true	Recipe_ArmorWolfLegs	1000	200	4	1
ArrowBronze	true	Recipe_ArrowBronze	100	50	1	100
ArrowCarapace	true	Recipe_ArrowCarapace	100	50	1	100
ArrowCharred	true	Recipe_ArrowCharred	100	50	1	100
ArrowFire	true	Recipe_ArrowFire	100	50	1	100
ArrowFlint	true	Recipe_ArrowFlint	100	50	1	100
ArrowFrost	true	Recipe_ArrowFrost	100	50	1	100
ArrowIron	true	Recipe_ArrowIron	100	50	1	100
ArrowNeedle	true	Recipe_ArrowNeedle	100	50	1	100
ArrowObsidian	true	Recipe_ArrowObsidian	100	50	1	100
ArrowPoison	true	Recipe_ArrowPoison	100	50	1	100
ArrowSilver	true	Recipe_ArrowSilver	100	50	1	100
ArrowWood	true	Recipe_ArrowWood	100	50	1	100
AskBladder	true		100	50	1	50
AskHide	true		100	50	1	50
AsksvinCarrionNeck	true		100	50	1	50
AsksvinCarrionPelvic	true		100	50	1	50
AsksvinCarrionRibcage	true		100	50	1	50
AsksvinCarrionSkull	true		100	50	1	50
AsksvinEgg	true		100	50	4	20
AsksvinMeat	true		100	50	1	20
Asksvin_Bite	false		100	50	1	1
Asksvin_Headbutt	false		100	50	1	1
Asksvin_Pounce	false		100	50	1	1
Asksvin_Turnaround	false		100	50	1	1
AtgeirBlackmetal	true	Recipe_AtgeirBlackmetal	175	50	4	1
AtgeirBronze	true	Recipe_AtgeirBronze	125	50	4	1
AtgeirHimminAfl	true	Recipe_AtgeirHimminAfl	175	50	4	1
AtgeirIron	true	Recipe_AtgeirIron	175	50	4	1
AtgeirWood	true	Recipe_AtgeirWood	175	50	4	1
AxeBerzerkr	true	Recipe_AxeBerzerkr	175	50	4	1
AxeBerzerkrBlood	true	Recipe_AxeBerzerkr_Blood	175	50	4	1
AxeBerzerkrLightning	true	Recipe_AxeBerzerkr_Lightning	175	50	4	1
AxeBerzerkrNature	true	Recipe_AxeBerzerkr_Nature	175	50	4	1
AxeBlackMetal	true	Recipe_AxeBlackMetal	175	50	4	1
AxeBronze	true	Recipe_AxeBronze	125	50	4	1
AxeEarly	true	Recipe_AxeEarly	175	50	4	1
AxeFlint	true	Recipe_AxeFlint	100	30	4	1
AxeHead1	true		100	50	1	10
AxeHead2	true		100	50	1	10
AxeIron	true	Recipe_AxeIron	175	50	4	1
AxeJotunBane	true	Recipe_AxeJotunBane	175	50	4	1
AxeStone	true	Recipe_AxeStone	100	30	4	1
AxeWood	true	Recipe_AxeWood	125	50	4	1
BarberKit	true		100	50	1	1
Barley	true		100	50	1	100
BarleyFlour	true		100	50	1	50
BarleyWine	true		100	50	1	10
BarleyWineBase	true	Recipe_BarleyWineBase	100	50	1	1
BarrelRings	true		100	50	1	20
Battleaxe	true	Recipe_Battleaxe	200	50	4	1
BattleaxeBlackmetal	true	Recipe_Battleaxe_Blackmetal	200	50	4	1
BattleaxeCrystal	true	Recipe_Battleaxe_Crystal	200	50	4	1
BattleaxeSkullSplittur	true	Recipe_Battleaxe_SkullSplittur	200	50	4	1
BattleaxeWood	true	Recipe_BattleaxeWood	200	50	4	1
Beard1	true		100	50	1	1
Beard10	true		100	50	1	1
Beard11	true		100	50	1	1
Beard12	true		100	50	1	1
Beard13	true		100	50	1	1
Beard14	true		100	50	1	1
Beard15	true		100	50	1	1
Beard16	true		100	50	1	1
Beard17	true		100	50	1	1
Beard18	true		100	50	1	1
Beard19	true		100	50	1	1
Beard2	true		100	50	1	1
Beard20	true		100	50	1	1
Beard21	true		100	50	1	1
Beard22	true		100	50	1	1
Beard23	true		100	50	1	1
Beard24	true		100	50	1	1
Beard25	true		100	50	1	1
Beard26	true		100	50	1	1
Beard3	true		100	50	1	1
Beard4	true		100	50	1	1
Beard5	true		100	50	1	1
Beard6	true		100	50	1	1
Beard7	true		100	50	1	1
Beard8	true		100	50	1	1
Beard9	true		100	50	1	1
BeardNone	true		100	50	1	1
BeechSeeds	true		100	50	1	100
Bell	true	Recipe_Bell	100	50	1	9
BellFragment	true		100	50	1	9
BeltStrength	true		100	50	1	1
Bilebag	true		100	50	1	50
BirchSeeds	true		100	50	1	100
BjornHide	true		100	50	1	50
BjornMeat	true		100	50	1	20
BjornPaw	true		100	50	1	50
BlackCore	true		100	50	1	20
BlackMarble	true		100	50	1	50
BlackMetal	true		100	50	1	30
BlackMetalScrap	true		100	50	1	30
BlackSoup	true	Recipe_Blacksoup	100	50	1	10
Blackwood	true		100	50	1	50
BlobVial	true		100	50	1	10
BloodPudding	true	Recipe_BloodPudding	100	50	1	10
Bloodbag	true		100	50	1	50
Blueberries	true		100	50	1	50
BoarJerky	true	Recipe_BoarJerky	100	50	1	20
BogWitchKvastur_attack	false		100	50	1	1
BoltBlackmetal	true	Recipe_BoltBlackmetal	100	50	1	100
BoltBone	true	Recipe_BoltBone	100	50	1	100
BoltCarapace	true	Recipe_BoltCarapace	100	50	1	100
BoltCharred	true	Recipe_BoltCharred	100	50	1	100
BoltIron	true	Recipe_BoltIron	100	50	1	100
BombBile	true	Recipe_BombBile	100	50	1	50
BombBlob_Frost	true	Recipe_BombBlob_Frost	100	50	1	50
BombBlob_Lava	true	Recipe_BombBlob_Lava	100	50	1	50
BombBlob_Poison	true	Recipe_BombBlob_Poison	100	50	1	50
BombBlob_PoisonElite	true	Recipe_BombBlob_PoisonElite	100	50	1	50
BombBlob_Tar	true	Recipe_BombBlob_Tar	100	50	1	50
BombLava	true	Recipe_BombLava	100	50	1	50
BombOoze	true	Recipe_BombOoze	100	50	1	50
BombSiege	true	Recipe_BombSiege	100	50	1	50
BombSmoke	true	Recipe_BombSmoke	100	50	1	50
BoneFragments	true		100	50	1	50
BoneMawSerpentMeat	true		100	50	1	50
BonemawSerpentScale	true		100	50	1	50
BonemawSerpentTooth	true		100	50	1	50
BonemawSerpent_bite	false		100	50	1	1
BonemawSerpent_breath	false		100	50	1	1
BonemawSerpent_ram	false		100	50	1	1
BonemawSerpent_spit	false		100	50	1	1
BonemawSerpent_taunt	false		100	50	1	1
Bow	true	Recipe_Bow	50	50	4	1
BowAshlands	true	Recipe_BowAshlands	100	50	4	1
BowAshlandsBlood	true	Recipe_BowAshlands_Blood	100	50	4	1
BowAshlandsRoot	true	Recipe_BowAshlands_Nature	100	50	4	1
BowAshlandsStorm	true	Recipe_BowAshlands_Lightning	100	50	4	1
BowDraugrFang	true	Recipe_BowDraugrFang	100	50	4	1
BowFineWood	true	Recipe_BowFineWood	100	50	4	1
BowHuntsman	true	Recipe_BowHuntsman	100	50	4	1
BowSpineSnap	true	Recipe_BowSpineSnap	100	50	4	1
Bread	true		100	50	1	20
BreadDough	true	Recipe_Bread	100	50	1	20
Bronze	true	Recipe_Bronze,Recipe_Bronze5	100	50	1	30
BronzeNails	true	Recipe_BronzeNails	100	50	1	100
BronzeScrap	true		100	50	1	30
BugMeat	true		100	50	1	20
CandleWick	true		100	50	1	50
CapeAsh	true	Recipe_CapeAsh	1200	50	4	1
CapeAsksvin	true	Recipe_CapeAsksvin	1500	50	4	1
CapeDeerHide	true	Recipe_CapeDeerHide	400	50	4	1
CapeFeather	true	Recipe_CapeFeather	1200	50	4	1
CapeLinen	true	Recipe_CapeLinen	1500	50	4	1
CapeLox	true	Recipe_CapeLox	1200	50	4	1
CapeOdin	true	Recipe_CapeOdin	1500	50	4	1
CapeTest	false		100	50	4	1
CapeTrollHide	true	Recipe_CapeTrollHide	500	50	4	1
CapeWolf	true	Recipe_CapeWolf	1000	50	4	1
Carapace	true		100	50	1	50
Carrot	true		100	50	1	50
CarrotSeeds	true		100	50	1	100
CarrotSoup	true	Recipe_CarrotSoup	100	50	1	10
Catapult_ammo	true	Recipe_CatapultPayload_Grausten	100	50	1	50
CelestialFeather	true		100	50	1	50
CeramicPlate	true	Recipe_CeramicPlate	100	50	1	30
Chain	true		100	50	1	50
CharcoalResin	true		100	50	1	50
CharredBone	true		100	50	1	50
CharredCogwheel	true		100	50	1	10
Charred_Breastplate	false		100	50	4	1
Charred_Helmet	false		100	50	4	1
Charred_HipCloth	false		100	50	4	1
Charred_MageCloths	false		100	50	4	1
Charredskull	true		100	50	1	50
ChickenEgg	true		100	50	1	20
ChickenMeat	true		100	50	1	20
Chitin	true		100	50	1	50
Cloudberry	true		100	50	1	50
Club	true	Recipe_Club	100	50	4	1
Coal	true		100	50	1	50
Coins	true		100	50	1	999
CookedAsksvinMeat	true		100	50	1	20
CookedBjornMeat	true		100	50	1	20
CookedBoneMawSerpentMeat	true		100	50	1	50
CookedBugMeat	true		100	50	1	20
CookedChickenMeat	true		100	50	1	20
CookedDeerMeat	true		100	50	1	20
CookedEgg	true	Recipe_CookedEgg	100	50	1	20
CookedHareMeat	true		100	50	1	20
CookedLoxMeat	true		100	50	1	20
CookedMeat	true		100	50	1	20
CookedVoltureMeat	true		100	50	1	20
CookedWolfMeat	true		100	50	1	20
Copper	true		100	50	1	30
CopperOre	true		100	50	1	30
CopperScrap	true		100	50	1	30
CrossbowArbalest	true	Recipe_CrossbowArbalest	50	50	4	1
CrossbowRipper	true	Recipe_CrossbowRipper	50	50	4	1
CrossbowRipperBlood	true	Recipe_CrossbowRipper_Blood	50	50	4	1
CrossbowRipperLightning	true	Recipe_CrossbowRipper_Lightning	50	50	4	1
CrossbowRipperNature	true	Recipe_CrossbowRipper_Nature	50	50	4	1
CryptKey	true		100	50	1	1
Crystal	true		100	50	1	50
Cultivator	true	Recipe_Cultivator	200	200	3	1
CuredSquirrelHamstring	true		100	50	1	50
Dandelion	true		100	50	1	50
Deathsquito_sting	false		100	50	1	1
DeerHide	true		100	50	1	50
DeerMeat	true		100	50	1	20
DeerStew	true	Recipe_DeerStew	100	50	1	10
Demister	true	Recipe_Demister	100	50	1	1
DragonEgg	true		100	50	1	1
DragonTear	true		100	50	1	50
DvergerArbalest	true		50	50	4	1
DvergerArbalest_shoot	true		50	50	4	1
DvergerArbalest_shootAshlands	true		50	50	4	1
DvergerHairFemale	false		100	50	4	1
DvergerHairFemale_Redhair	false		100	50	4	1
DvergerHairMale	false		100	50	4	1
DvergerHairMale_Redbeard	false		100	50	4	1
DvergerMistile	false		100	50	1	1
DvergerStaffBlocker	false		100	50	1	1
DvergerStaffFire	false		100	50	1	1
DvergerStaffFire_clusterbomb	false		100	50	1	1
DvergerStaffFire_fireball	false		100	50	1	1
DvergerStaffHeal	false		100	50	1	1
DvergerStaffHeal_heal	false		100	50	1	1
DvergerStaffIce	false		100	50	1	1
DvergerStaffIce_icebolt	false		100	50	1	1
DvergerStaffNova	false		100	50	1	1
DvergerStaffSupport	false		100	50	1	1
DvergerStaffSupport_buff	false		100	50	1	1
DvergerSuitArbalest	false		100	50	4	1
DvergerSuitArbalest_Ashlands	false		100	50	4	1
DvergerSuitFire	false		100	50	4	1
DvergerSuitIce	false		100	50	4	1
DvergerSuitSupport	false		100	50	4	1
Dverger_melee	false		100	50	1	1
Dverger_meleeAshlands	false		100	50	1	1
DvergrKey	true	Recipe_DvergrKey	100	50	1	1
DvergrKeyFragment	true		100	50	1	9
DvergrNeedle	true		100	50	1	10
DyrnwynBladeFragment	true		100	50	1	1
DyrnwynHiltFragment	true		100	50	1	1
DyrnwynTipFragment	true		100	50	1	1
Ectoplasm	true		100	50	1	50
Eikthyr_antler	false		100	50	1	1
Eikthyr_charge	false		100	50	1	1
Eikthyr_flegs_OLD	false		100	50	1	1
Eikthyr_stomp	false		100	50	1	1
Eitr	true		100	50	1	30
ElderBark	true		100	50	1	50
Entrails	true		100	50	1	50
Eyescream	true	Recipe_Eyescream	100	50	1	10
FaderDrop	true		100	50	1	30
Fader_Bite	false		100	50	1	1
Fader_Claw_Left	false		100	50	1	1
Fader_Claw_Right	false		100	50	1	1
Fader_Fissure	false		100	50	1	1
Fader_Fissure_Intense	false		100	50	1	1
Fader_Flamebreath	false		100	50	1	1
Fader_Jump	false		100	50	1	1
Fader_Jump_Left	false		100	50	1	1
Fader_Jump_Right	false		100	50	1	1
Fader_Meteors	false		100	50	1	1
Fader_Meteors_Intense	false		100	50	1	1
Fader_Roar	false		100	50	1	1
Fader_Roar_Intense	false		100	50	1	1
Fader_Spin	false		100	50	1	1
Fader_Taunt	false		100	50	1	1
Fader_WallOfFire	false		100	50	1	1
FeastAshlands	true		100	50	1	1
FeastAshlands_Material	true	Recipe_FeastAshlands	100	50	1	5
FeastBlackforest	true		100	50	1	1
FeastBlackforest_Material	true	Recipe_FeastBlackforest	100	50	1	5
FeastMeadows	true		100	50	1	1
FeastMeadows_Material	true	Recipe_FeastMeadows	100	50	1	5
FeastMistlands	true		100	50	1	1
FeastMistlands_Material	true	Recipe_FeastMistlands	100	50	1	5
FeastMountains	true		100	50	1	1
FeastMountains_Material	true	Recipe_FeastMountains	100	50	1	5
FeastOceans	true		100	50	1	1
FeastOceans_Material	true	Recipe_FeastOceans	100	50	1	5
FeastPlains	true		100	50	1	1
FeastPlains_Material	true	Recipe_FeastPlains	100	50	1	5
FeastSwamps	true		100	50	1	1
FeastSwamps_Material	true	Recipe_FeastSwamps	100	50	1	5
Feaster	true	Recipe_Feaster	100	100	3	1
Feathers	true		100	50	1	50
Fenring_attack_IceNova	false		100	50	1	1
Fenring_attack_claw	false		100	50	1	1
Fenring_attack_fireclaw	false		100	50	1	1
Fenring_attack_fireclaw_double	false		100	50	1	1
Fenring_attack_flames	false		100	50	1	1
Fenring_attack_frost	false		100	50	1	1
Fenring_attack_iceclaw	false		100	50	1	1
Fenring_attack_iceclaw_double	false		100	50	1	1
Fenring_attack_jump	false		100	50	1	1
Fenring_taunt	false		100	50	1	1
Fiddleheadfern	true		100	50	1	50
FierySvinstew	true	Recipe_FierySvinstew	100	50	1	10
FineWood	true		100	50	1	50
FirCone	true		100	50	1	100
FireworksRocket_Blue	true	Recipe_FireworksBlue	100	50	1	10
FireworksRocket_Cyan	true	Recipe_FireworksCyan	100	50	1	10
FireworksRocket_Green	true	Recipe_FireworksGreen	100	50	1	10
FireworksRocket_Purple	true	Recipe_FireworksPurple	100	50	1	10
FireworksRocket_Red	true	Recipe_FireworksRed	100	50	1	10
FireworksRocket_White	true		100	50	1	10
FireworksRocket_Yellow	true	Recipe_FireworksYellow	100	50	1	10
Fish1	true		100	50	5	10
Fish10	true		100	50	5	10
Fish11	true		100	50	5	10
Fish12	true		100	50	5	10
Fish2	true		100	50	5	10
Fish3	true		100	50	5	10
Fish4_cave	true		100	50	5	10
Fish5	true		100	50	5	10
Fish6	true		100	50	5	10
Fish7	true		100	50	5	10
Fish8	true		100	50	5	10
Fish9	true		100	50	5	10
FishAndBread	true		100	50	1	10
FishAndBreadUncooked	true	Recipe_FishAndBread	100	50	1	10
FishAnglerRaw	true		100	50	1	20
FishCooked	true		100	50	1	20
FishRaw	true	Recipe_Fish1	100	50	1	20
FishWraps	true	Recipe_FishWraps	100	50	1	10
FishingBait	true		100	50	1	100
FishingBaitAshlands	true	Recipe_FishingBaitAshlands	100	50	1	100
FishingBaitCave	true	Recipe_FishingBaitCave	100	50	1	100
FishingBaitDeepNorth	true	Recipe_FishingBaitDeepNorth	100	50	1	100
FishingBaitForest	true	Recipe_FishingBaitForest	100	50	1	100
FishingBaitMistlands	true	Recipe_FishingBaitMistlands	100	50	1	100
FishingBaitOcean	true	Recipe_FishingBaitOcean	100	50	1	100
FishingBaitPlains	true	Recipe_FishingBaitPlains	100	50	1	100
FishingBaitSwamp	true	Recipe_FishingBaitSwamp	100	50	1	100
FishingRod	true		100	50	1	1
FistBjornClaw	true	Recipe_FistBjornClaw	300	50	4	1
FistBjornUndeadClaw	true	Recipe_FistUnbjornClaw	300	50	4	1
FistFenrirClaw	true	Recipe_FistFenrirClaw	300	50	4	1
Flametal	true		100	50	1	30
FlametalNew	true		100	50	1	30
FlametalOre	true		100	50	1	30
FlametalOreNew	true		100	50	1	30
Flax	true		100	50	1	100
Flint	true		100	50	1	30
FragrantBundle	true		100	50	1	50
FreezeGland	true		100	50	1	50
FreshSeaweed	true		100	50	1	50
GemstoneBlue	true		100	50	1	50
GemstoneGreen	true		100	50	1	50
GemstoneRed	true		100	50	1	50
Ghost_attack	false		100	50	1	1
GiantBloodSack	true		100	50	1	50
GoblinArmband	false		100	50	4	1
GoblinBruteBros_Attack	false		100	50	7	1
GoblinBruteBros_RageAttack	false		100	50	7	1
GoblinBrute_ArmGuard	false		100	50	4	1
GoblinBrute_Attack	false		100	50	7	1
GoblinBrute_Backbones	false		100	50	4	1
GoblinBrute_ExecutionerCap	false		100	50	4	1
GoblinBrute_HipCloth	false		100	50	4	1
GoblinBrute_LegBones	false		100	50	4	1
GoblinBrute_RageAttack	false		100	50	7	1
GoblinBrute_ShoulderGuard	false		100	50	4	1
GoblinBrute_Taunt	false		100	50	7	1
GoblinClub	false		100	50	1	1
GoblinHelmet	false		100	50	4	1
GoblinKing_Beam	false		100	50	1	1
GoblinKing_Meteors	false		100	50	1	1
GoblinKing_Nova	false		100	50	1	1
GoblinKing_Taunt	false		100	50	1	1
GoblinLegband	false		100	50	4	1
GoblinLoin	false		100	50	4	1
GoblinShaman_Headdress_antlers	false		100	50	1	1
GoblinShaman_Headdress_feathers	false		100	50	1	1
GoblinShaman_Staff_Bones	false		100	50	1	1
GoblinShaman_Staff_Feathers	false		100	50	1	1
GoblinShaman_Staff_Hildir	false		100	50	1	1
GoblinShaman_attack_fireball	false		100	50	1	1
GoblinShaman_attack_fireball_hildir	false		100	50	1	1
GoblinShaman_attack_poke	false		100	50	1	1
GoblinShaman_attack_protect	false		100	50	1	1
GoblinShaman_attack_protect_hildir	false		100	50	1	1
GoblinShoulders	false		100	50	4	1
GoblinSpear	false		100	50	1	10
GoblinSword	false		100	50	7	1
GoblinTorch	false		100	50	1	1
GoblinTotem	true		100	50	1	30
Grausten	true		100	50	1	50
GreydwarfEye	true		100	50	1	50
Greydwarf_attack	false		100	50	1	1
Greydwarf_elite_attack	false		100	50	1	1
Greydwarf_shaman_attack	false		100	50	1	1
Greydwarf_shaman_heal	false		100	50	1	1
Greydwarf_throw	false		100	50	1	1
Greyling_attack	false		100	50	1	1
Guck	true		100	50	1	50
Hair1	true		100	50	1	1
Hair10	true		100	50	1	1
Hair10_2	true		100	50	1	1
Hair11	true		100	50	1	1
Hair11_2	true		100	50	1	1
Hair11_3	true		100	50	1	1
Hair12	true		100	50	1	1
Hair12_2	true		100	50	1	1
Hair13	true		100	50	1	1
Hair13_2	true		100	50	1	1
Hair13_3	true		100	50	1	1
Hair14	true		100	50	1	1
Hair14_2	true		100	50	1	1
Hair15	true		100	50	1	1
Hair15_2	true		100	50	1	1
Hair15_3	true		100	50	1	1
Hair16	true		100	50	1	1
Hair16_2	true		100	50	1	1
Hair17	true		100	50	1	1
Hair17_2	true		100	50	1	1
Hair18	true		100	50	1	1
Hair18_2	true		100	50	1	1
Hair19	true		100	50	1	1
Hair2	true		100	50	1	1
Hair20	true		100	50	1	1
Hair21	true		100	50	1	1
Hair21_2	true		100	50	1	1
Hair22	true		100	50	1	1
Hair22_2	true		100	50	1	1
Hair23	true		100	50	1	1
Hair24	true		100	50	1	1
Hair24_2	true		100	50	1	1
Hair24_3	true		100	50	1	1
Hair25	true		100	50	1	1
Hair26	true		100	50	1	1
Hair27	true		100	50	1	1
Hair27_2	true		100	50	1	1
Hair27_3	true		100	50	1	1
Hair28	true		100	50	1	1
Hair28_2	true		100	50	1	1
Hair28_3	true		100	50	1	1
Hair29	true		100	50	1	1
Hair29_2	true		100	50	1	1
Hair3	true		100	50	1	1
Hair30	true		100	50	1	1
Hair30_2	true		100	50	1	1
Hair30_3	true		100	50	1	1
Hair31	true		100	50	1	1
Hair31_2	true		100	50	1	1
Hair31_3	true		100	50	1	1
Hair32	true		100	50	1	1
Hair32_2	true		100	50	1	1
Hair32_3	true		100	50	1	1
Hair33	true		100	50	1	1
Hair33_2	true		100	50	1	1
Hair34	true		100	50	1	1
Hair34_2	true		100	50	1	1
Hair34_3	true		100	50	1	1
Hair35	true		100	50	1	1
Hair35_2	true		100	50	1	1
Hair35_3	true		100	50	1	1
Hair36	true		100	50	1	1
Hair36_2	true		100	50	1	1
Hair36_3	true		100	50	1	1
Hair37	true		100	50	1	1
Hair37_2	true		100	50	1	1
Hair37_3	true		100	50	1	1
Hair3_2	true		100	50	1	1
Hair3_3	true		100	50	1	1
Hair4	true		100	50	1	1
Hair4_2	true		100	50	1	1
Hair4_3	true		100	50	1	1
Hair5	true		100	50	1	1
Hair5_2	true		100	50	1	1
Hair6	true		100	50	1	1
Hair6_2	true		100	50	1	1
Hair6_3	true		100	50	1	1
Hair7	true		100	50	1	1
Hair7_2	true		100	50	1	1
Hair8	true		100	50	1	1
Hair8_2	true		100	50	1	1
Hair9	true		100	50	1	1
Hair9_2	true		100	50	1	1
HairNone	true		100	50	1	1
Hammer	true	Recipe_Hammer	100	100	3	1
HardAntler	true		100	50	1	50
HareMeat	true		100	50	1	20
HealthUpgrade_Bonemass	false		100	50	1	1
HealthUpgrade_GDKing	false		100	50	1	1
HelmetAshlandsMediumHood	true	Recipe_HelmetMedium_Ashlands	1000	200	4	1
HelmetBerserkerHood	true	Recipe_HelmetBerserker	1000	200	4	1
HelmetBerserkerUndead	true	Recipe_HelmetBerserkerUndead	1000	200	4	1
HelmetBronze	true	Recipe_HelmetBronze	1000	200	4	1
HelmetCarapace	true	Recipe_HelmetCarapace	1200	200	4	1
HelmetCelebration	true	Recipe_HelmetCelebration	800	100	4	1
HelmetDrake	true	Recipe_HelmetDrake	1000	200	4	1
HelmetDverger	true		1000	100	1	1
HelmetFenring	true	Recipe_HelmetFenrir	1000	200	4	1
HelmetFishingHat	true	Recipe_HelmetFishingHat	1000	200	4	1
HelmetFlametal	true	Recipe_HelmetFlametal	800	100	4	1
HelmetHat1	true	Recipe_HelmetHat1	800	100	4	1
HelmetHat10	true	Recipe_HelmetHat10	800	100	4	1
HelmetHat2	true	Recipe_HelmetHat2	800	100	4	1
HelmetHat3	true	Recipe_HelmetHat3	800	100	4	1
HelmetHat4	true	Recipe_HelmetHat4	800	100	4	1
HelmetHat5	true	Recipe_HelmetHat5	800	100	4	1
HelmetHat6	true	Recipe_HelmetHat6	800	100	4	1
HelmetHat7	true	Recipe_HelmetHat7	800	100	4	1
HelmetHat8	true	Recipe_HelmetHat8	800	100	4	1
HelmetHat9	true	Recipe_HelmetHat9	800	100	4	1
HelmetIron	true	Recipe_HelmetIron	1000	200	4	1
HelmetLeather	true	Recipe_HelmetLeather	400	100	4	1
HelmetMage	true	Recipe_HelmetMage	1000	200	4	1
HelmetMage_Ashlands	true	Recipe_HelmetMage_Ashlands	1000	200	4	1
HelmetMidsummerCrown	true	Recipe_HelmetMidsummerCrown	1000	50	1	1
HelmetOdin	true	Recipe_HelmetOdin	300	100	4	1
HelmetPadded	true	Recipe_HelmetPadded	1000	200	4	1
HelmetPointyHat	true	Recipe_HelmetPointyHat	800	100	4	1
HelmetRoot	true	Recipe_HelmetRoot	800	100	4	1
HelmetStrawHat	true	Recipe_HelmetStrawhat	800	100	4	1
HelmetSweatBand	true		1000	200	4	1
HelmetTrollLeather	true	Recipe_HelmetTrollLeather	500	200	4	1
HelmetYule	true		1000	50	1	1
HildirKey_forestcrypt	true		100	50	1	1
HildirKey_mountaincave	true		100	50	1	1
HildirKey_plainsfortress	true		100	50	1	1
Hoe	true	Recipe_Hoe	200	200	3	1
Honey	true		100	50	1	50
HoneyGlazedChicken	true		100	50	1	10
HoneyGlazedChickenUncooked	true	Recipe_HoneyGlazedChicken	100	50	1	10
Iron	true		100	50	1	30
IronNails	true	Recipe_IronNails	100	50	1	100
IronOre	true		100	50	1	30
IronScrap	true		100	50	1	30
Ironpit	true		100	50	1	10
JuteBlue	true		100	50	1	50
JuteRed	true		100	50	1	50
KnifeBlackMetal	true	Recipe_KnifeBlackmetal	200	50	4	1
KnifeButcher	true	Recipe_KnifeButcher	200	50	1	1
KnifeChitin	true	Recipe_KnifeChitin	200	50	4	1
KnifeCopper	true	Recipe_KnifeCopper	200	50	4	1
KnifeFlint	true	Recipe_KnifeFlint	200	50	4	1
KnifeSilver	true	Recipe_KnifeSilver	200	50	4	1
KnifeSkollAndHati	true	Recipe_KnifeSkollAndHati	200	50	4	1
KnifeWood	true	Recipe_KnifeWood	200	50	4	1
Lantern	true	Recipe_Lantern	0	0	1	1
Larva	true		100	50	1	20
LeatherScraps	true		100	50	1	50
Leech_BiteAttack	false		100	50	1	1
LinenThread	true		100	50	1	50
LoxMeat	true		100	50	1	20
LoxPelt	true		100	50	1	50
LoxPie	true		100	50	1	10
LoxPieUncooked	true	Recipe_LoxPie	100	50	1	10
MaceBronze	true	Recipe_MaceBronze	200	50	4	1
MaceEldner	true	Recipe_MaceEldner	150	50	4	1
MaceEldnerBlood	true	Recipe_MaceEldner_Blood	150	50	4	1
MaceEldnerLightning	true	Recipe_MaceEldner_Lightning	150	50	4	1
MaceEldnerNature	true	Recipe_MaceEldner_Nature	150	50	4	1
MaceIron	true	Recipe_MaceIron	200	50	4	1
MaceNeedle	true	Recipe_MaceNeedle	150	50	4	1
MaceSilver	true	Recipe_MaceSilver	200	50	4	1
MaceWood	true	Recipe_MaceWood	200	50	4	1
MagicallyStuffedShroom	true		100	50	1	10
MagicallyStuffedShroomUncooked	true	Recipe_MagicallyStuffedShroom	100	50	1	10
Mandible	true		100	50	1	50
MarinatedGreens	true	Recipe_MarinatedGreens	100	50	1	10
MashedMeat	true	Recipe_MashedMeat	100	50	1	10
MeadBaseBugRepellent	true	Recipe_MeadBaseBugRepellent	100	50	1	1
MeadBaseBzerker	true	Recipe_MeadBaseBzerker	100	50	1	1
MeadBaseEitrLingering	true	Recipe_MeadBaseEitrLingering	100	50	1	1
MeadBaseEitrMinor	true	Recipe_MeadBaseEitrMinor	100	50	1	1
MeadBaseFrostResist	true	Recipe_MeadBaseFrostResist	100	50	1	1
MeadBaseHasty	true	Recipe_MeadBaseHasty	100	50	1	1
MeadBaseHealthLingering	true	Recipe_MeadBaseHealthLingering	100	50	1	1
MeadBaseHealthMajor	true	Recipe_MeadBaseHealthMajor	100	50	1	1
MeadBaseHealthMedium	true	Recipe_MeadBaseHealthMedium	100	50	1	1
MeadBaseHealthMinor	true	Recipe_MeadBaseHealthMinor	100	50	1	1
MeadBaseLightFoot	true	Recipe_MeadBaseLightFoot	100	50	1	1
MeadBasePoisonResist	true	Recipe_MeadBasePoisonResist	100	50	1	1
MeadBaseStaminaLingering	true	Recipe_MeadBaseStaminaLingering	100	50	1	1
MeadBaseStaminaMedium	true	Recipe_MeadBaseStaminaMedium	100	50	1	1
MeadBaseStaminaMinor	true	Recipe_MeadBaseStaminaMinor	100	50	1	1
MeadBaseStrength	true	Recipe_MeadBaseStrength	100	50	1	1
MeadBaseSwimmer	true	Recipe_MeadBaseSwimmer	100	50	1	1
MeadBaseTamer	true	Recipe_MeadBaseTamer	100	50	1	1
MeadBaseTasty	true	Recipe_MeadBaseTasty	100	50	1	1
MeadBugRepellent	true		100	50	1	10
MeadBzerker	true		100	50	1	10
MeadEitrLingering	true		100	50	1	10
MeadEitrMinor	true		100	50	1	10
MeadFrostResist	true		100	50	1	10
MeadHasty	true		100	50	1	10
MeadHealthLingering	true		100	50	1	10
MeadHealthMajor	true		100	50	1	10
MeadHealthMedium	true		100	50	1	10
MeadHealthMinor	true	Recipe_PotionHealthMinor	100	50	1	10
MeadLightfoot	true		100	50	1	10
MeadPoisonResist	true		100	50	1	10
MeadStaminaLingering	true		100	50	1	10
MeadStaminaMedium	true		100	50	1	10
MeadStaminaMinor	true	Recipe_PotionStaminaMinor	100	50	1	10
MeadStrength	true		100	50	1	10
MeadSwimmer	true		100	50	1	10
MeadTamer	true		100	50	1	10
MeadTasty	true		100	50	1	10
MeadTrollPheromones	true		100	50	1	10
MeatPlatter	true		100	50	1	10
MeatPlatterUncooked	true	Recipe_MeatPlatter	100	50	1	10
MechanicalSpring	true	Recipe_MechanicalSpring	100	50	1	10
MinceMeatSauce	true	Recipe_MinceMeatSauce	100	50	1	10
MisthareSupreme	true		100	50	1	10
MisthareSupremeUncooked	true	Recipe_MisthareSupreme	100	50	1	10
Mistile_kamikaze	false		100	50	1	1
MoltenCore	true		100	50	1	20
MorgenHeart	true		100	50	1	50
MorgenSinew	true		100	50	1	50
Morgen_bite	false		100	50	1	1
Morgen_bodyslam	false		100	50	1	1
Morgen_roll_left	false		100	50	1	1
Morgen_roll_right	false		100	50	1	1
Morgen_swipe_1	false		100	50	1	1
Morgen_swipe_2	false		100	50	1	1
Morgen_swipe_3	false		100	50	1	1
Morgen_swipe_4	false		100	50	1	1
Morgen_swipe_5	false		100	50	1	1
Morgen_swipe_6	false		100	50	1	1
Mushroom	true		100	50	1	50
MushroomBlue	true		100	50	1	50
MushroomBzerker	true		100	50	1	50
MushroomJotunPuffs	true		100	50	1	50
MushroomMagecap	true		100	50	1	50
MushroomOmelette	true	Recipe_MushroomOmelette	100	50	1	10
MushroomSmokePuff	true		100	50	1	50
MushroomYellow	true		100	50	1	50
NeckTail	true		100	50	1	50
NeckTailGrilled	true		100	50	1	20
Neck_BiteAttack	false		100	50	1	1
Needle	true		100	50	1	50
Obsidian	true		100	50	1	50
Onion	true		100	50	1	50
OnionSeeds	true		100	50	1	100
OnionSoup	true	Recipe_Onionsoup	100	50	1	10
Ooze	true		100	50	1	50
PickaxeAntler	true	Recipe_PickaxeAntler	100	50	1	1
PickaxeBlackMetal	true	Recipe_PickaxeBlackMetal	210	50	4	1
PickaxeBronze	true	Recipe_PickaxeBronze	120	50	4	1
PickaxeIron	true	Recipe_PickaxeIron	150	50	4	1
PickaxeStone	true	Recipe_PickaxeStone	100	50	1	1
PineCone	true		100	50	1	100
PiquantPie	true		100	50	1	10
PiquantPieUncooked	true	Recipe_PiquantPie	100	50	1	10
PlayerUnarmed	false		100	50	1	1
Pot_Shard_Green	true		100	50	1	50
Pot_Shard_Red	true		100	50	1	50
PowderedDragonEgg	true		100	50	1	50
ProustitePowder	true		100	50	1	50
Pukeberries	true		100	50	1	50
PungentPebbles	true		100	50	1	50
QueenBee	true		100	50	1	20
QueenDrop	true		100	50	1	30
QueensJam	true	Recipe_QueensJam	100	50	1	10
Raspberry	true		100	50	1	50
RawMeat	true		100	50	1	20
Resin	true		100	50	1	50
RoastedCrustPie	true		100	50	1	10
RoastedCrustPieUncooked	true	Recipe_RoastedCrustPie	100	50	1	10
Root	true		100	50	1	50
RottenMeat	true		100	50	1	20
RoundLog	true		100	50	1	50
RoyalJelly	true		100	50	1	50
Ruby	true		100	50	1	20
SaddleAsksvin	true	Recipe_SaddleAsksvin	100	50	1	1
SaddleLox	true	Recipe_SadleLox	100	50	1	1
Salad	true	Recipe_Salad	100	50	1	10
Sap	true		100	50	1	50
Sausages	true	Recipe_Sausages	100	50	1	20
ScaleHide	true		100	50	1	50
ScorchingMedley	true	Recipe_ScorchingMedley	100	50	1	10
Scythe	true	Recipe_Scythe	200	200	3	1
ScytheHandle	true		100	50	1	20
SeekerAspic	true	Recipe_SeekerAspic	100	50	1	10
SeekerBrute_Taunt	false		100	50	7	1
SeekerBrute_bite	false		100	50	1	1
SeekerBrute_groundslam	false		100	50	1	1
SeekerBrute_ram	false		100	50	1	1
SeekerQueen_Bite	false		100	50	1	1
SeekerQueen_Call	false		100	50	7	1
SeekerQueen_PierceAOE	false		100	50	1	1
SeekerQueen_Rush	false		100	50	1	1
SeekerQueen_Slap	false		100	50	1	1
SeekerQueen_Spit	false		100	50	1	1
SeekerQueen_Teleport	false		100	50	7	1
SerpentMeat	true		100	50	1	50
SerpentMeatCooked	true		100	50	1	50
SerpentScale	true		100	50	1	50
SerpentStew	true	Recipe_SerpentStew	100	50	1	10
Serpent_attack	false		100	50	1	1
Serpent_taunt	false		100	50	1	1
SharpeningStone	true	Recipe_SharpeningStone	100	50	1	20
ShieldBanded	true	Recipe_ShieldBanded	200	50	3	1
ShieldBlackmetal	true	Recipe_ShieldBlackmetal	200	50	3	1
ShieldBlackmetalTower	true	Recipe_ShieldBlackmetalTower	200	50	3	1
ShieldBoneTower	true	Recipe_ShieldBoneTower	200	50	3	1
ShieldBronzeBuckler	true	Recipe_ShieldBronzeBuckler	200	50	3	1
ShieldCarapace	true	Recipe_ShieldCarapace	200	50	3	1
ShieldCarapaceBuckler	true	Recipe_ShieldCarapaceBuckler	200	50	3	1
ShieldCore	true	Recipe_ShieldCore	100	50	1	20
ShieldFlametal	true	Recipe_ShieldFlametal	200	50	3	1
ShieldFlametalTower	true	Recipe_ShieldFlametalTower	200	50	3	1
ShieldIronBuckler	true	Recipe_ShieldIronBuckler	200	50	3	1
ShieldIronSquare	true	Recipe_ShieldIronSquare	200	50	3	1
ShieldIronTower	true	Recipe_ShieldIronTower	200	50	3	1
ShieldKnight	true		100	50	1	1
ShieldSerpentscale	true	Recipe_ShieldSerpentscale	250	50	3	1
ShieldSilver	true	Recipe_ShieldSilver	200	50	3	1
ShieldWood	true	Recipe_ShieldWood	200	50	3	1
ShieldWoodTower	true	Recipe_ShieldWoodTower	200	50	3	1
ShocklateSmoothie	true	Recipe_ShocklateSmoothie	100	50	1	10
Silver	true		100	50	1	30
SilverNecklace	true		100	50	1	20
SilverOre	true		100	50	1	30
SizzlingBerryBroth	true	Recipe_SizzlingBerryBroth	100	50	1	10
SledgeCheat	false		100	50	4	1
SledgeDemolisher	true	Recipe_SledgeDemolisher	100	50	4	1
SledgeIron	true	Recipe_SledgeIron	100	50	4	1
SledgeStagbreaker	true	Recipe_SledgeStagbreaker	100	50	4	1
SledgeWood	true	Recipe_SledgeWood	100	50	4	1
Softtissue	true		100	50	1	40
Sparkler	true		8	0	1	1
SparklingShroomshake	true	Recipe_SparklingShroomshake	100	50	1	10
SpearBronze	true	Recipe_SpearBronze	100	50	4	1
SpearCarapace	true	Recipe_SpearCarapace	100	50	4	1
SpearChitin	true	Recipe_SpearChitin	50	50	1	1
SpearElderbark	true	Recipe_SpearElderbark	100	50	4	1
SpearFlint	true	Recipe_SpearFlint	100	50	4	1
SpearSplitner	true	Recipe_SpearSplitner	100	50	4	1
SpearSplitner_Blood	true	Recipe_SpearSplitner_Blood	100	50	4	1
SpearSplitner_Lightning	true	Recipe_SpearSplitner_Lightning	100	50	4	1
SpearSplitner_Nature	true	Recipe_SpearSplitner_Nature	100	50	4	1
SpearWolfFang	true	Recipe_SpearWolfFang	100	50	4	1
SpearWood	true	Recipe_SpearWood	100	50	4	1
SpiceAshlands	true		100	50	1	100
SpiceForests	true		100	50	1	100
SpiceMistlands	true		100	50	1	100
SpiceMountains	true		100	50	1	100
SpiceOceans	true		100	50	1	100
SpicePlains	true		100	50	1	100
SpicyMarmalade	true	Recipe_SpiceInducedMarmalade	100	50	1	10
StaffClusterbomb	true	Recipe_StaffClusterbomb	200	50	4	1
StaffFireball	true	Recipe_StaffFireball	200	50	4	1
StaffGreenRoots	true	Recipe_StaffGreenRoots	200	50	4	1
StaffIceShards	true	Recipe_StaffIceShards	200	50	4	1
StaffLightning	true	Recipe_StaffLightning	200	50	4	1
StaffRedTroll	true	Recipe_StaffRedTroll	200	50	4	1
StaffShield	true	Recipe_StaffShield	200	50	4	1
StaffSkeleton	true	Recipe_StaffSkeleton	200	50	4	1
StaminaUpgrade_Greydwarf	false		100	50	1	1
StaminaUpgrade_Troll	false		100	50	1	1
StaminaUpgrade_Wraith	false		100	50	1	1
Stone	true		100	50	1	50
StoneGolem_clubs	false		100	50	1	1
StoneGolem_hat	false		100	50	1	1
StoneGolem_spikes	false		100	50	1	1
StoneRock	true		100	50	1	50
SulfurStone	true		100	50	1	50
SurtlingCore	true		100	50	1	10
SwordBlackmetal	true	Recipe_SwordBlackmetal	200	50	4	1
SwordBronze	true	Recipe_SwordBronze	200	50	4	1
SwordCheat	false		100	50	1	1
SwordDyrnwyn	true	Recipe_SwordFire	200	50	4	1
SwordIron	true	Recipe_SwordIron	200	50	4	1
SwordIronFire	true		200	50	4	1
SwordMistwalker	true	Recipe_SwordMistwalker	200	50	4	1
SwordNiedhogg	true	Recipe_SwordNiedhogg	200	50	4	1
SwordNiedhoggBlood	true	Recipe_SwordNiedhogg_Blood	200	50	4	1
SwordNiedhoggLightning	true	Recipe_SwordNiedhogg_Lightning	200	50	4	1
SwordNiedhoggNature	true	Recipe_SwordNiedhogg_Nature	200	50	4	1
SwordSilver	true	Recipe_SwordSilver	200	50	4	1
SwordWood	true	Recipe_SwordWood	200	50	4	1
THSwordKrom	true	Recipe_SwordKrom	200	50	4	1
THSwordSlayer	true	Recipe_SwordSlayer	200	50	4	1
THSwordSlayerBlood	true	Recipe_SwordSlayer_Blood	200	50	4	1
THSwordSlayerLightning	true	Recipe_SwordSlayer_Lightning	200	50	4	1
THSwordSlayerNature	true	Recipe_SwordSlayer_Nature	200	50	4	1
THSwordWood	true	Recipe_THSwordWood	200	50	4	1
Tankard	true	Recipe_Tankard	100	50	1	1
TankardAnniversary	true	Recipe_TankardAnniversary	100	50	1	1
TankardOdin	true	Recipe_TankardOdin	100	50	1	1
Tankard_dvergr	true		100	50	1	1
Tar	true		100	50	1	50
Thistle	true		100	50	1	50
Thunderstone	true		100	50	1	20
Tin	true		100	50	1	30
TinOre	true		100	50	1	30
Torch	true	Recipe_Torch	20	50	1	1
TorchMist	true	Recipe_TorchMist	20	50	1	1
TrainingDummy_attack	false		100	50	1	1
TrainingDummy_attack2	false		100	50	1	1
TrainingDummy_attack3	false		100	50	1	1
TrainingDummy_throw	false		100	50	1	1
TrinketBlackDamageHealth	true	Recipe_TrinketBlackDamageHealth	100	50	1	1
TrinketBlackStamina	true	Recipe_TrinketBlackStamina	100	50	1	1
TrinketBronzeHealth	true	Recipe_TrinketBronzeHealth	100	50	1	1
TrinketBronzeStamina	true	Recipe_TrinketBronzeStamina	100	50	1	1
TrinketCarapaceEitr	true	Recipe_TrinketCarapaceEitr	100	50	1	1
TrinketChitinSwim	true	Recipe_TrinketChitinSwim	100	50	1	1
TrinketFlametalEitr	true	Recipe_TrinketFlametalEitr	100	50	1	1
TrinketFlametalStaminaHealth	true	Recipe_TrinketFlametalStaminaHealth	100	50	1	1
TrinketIronHealth	true	Recipe_TrinketIronHealth	100	50	1	1
TrinketIronStamina	true	Recipe_TrinketIronStamina	100	50	1	1
TrinketScaleStaminaDamage	true	Recipe_TrinketScaleStaminaDamage	100	50	1	1
TrinketSilverDamage	true	Recipe_TrinketSilverDamage	100	50	1	1
TrinketSilverResist	true	Recipe_TrinketSilverResist	100	50	1	1
TrollHide	true		100	50	1	20
TrophyAbomination	true		100	50	1	20
TrophyAsksvin	true		100	50	1	20
TrophyBjorn	true		100	50	1	20
TrophyBjornUndead	true		100	50	1	20
TrophyBlob	true		100	50	1	20
TrophyBoar	true		100	50	1	20
TrophyBonemass	true		100	50	1	20
TrophyBonemawSerpent	true		100	50	1	20
TrophyCharredArcher	true		100	50	1	20
TrophyCharredMage	true		100	50	1	20
TrophyCharredMelee	true		100	50	1	20
TrophyCultist	true		100	50	1	20
TrophyCultist_Hildir	true		100	50	1	20
TrophyDeathsquito	true		100	50	1	20
TrophyDeer	true		100	50	1	20
TrophyDragonQueen	true		100	50	1	20
TrophyDraugr	true		100	50	1	20
TrophyDraugrElite	true		100	50	1	20
TrophyDraugrFem	true		100	50	1	20
TrophyDvergr	true		100	50	1	20
TrophyEikthyr	true		100	50	1	20
TrophyFader	true		100	50	1	20
TrophyFallenValkyrie	true		100	50	1	20
TrophyFenring	true		100	50	1	20
TrophyForestTroll	true		100	50	1	20
TrophyFrostTroll	true		100	50	1	20
TrophyGhost	true		100	50	1	20
TrophyGjall	true		100	50	1	20
TrophyGoblin	true		100	50	1	20
TrophyGoblinBrute	true		100	50	1	20
TrophyGoblinBruteBrosBrute	true		100	50	1	20
TrophyGoblinBruteBrosShaman	true		100	50	1	20
TrophyGoblinKing	true		100	50	1	20
TrophyGoblinShaman	true		100	50	1	20
TrophyGreydwarf	true		100	50	1	20
TrophyGreydwarfBrute	true		100	50	1	20
TrophyGreydwarfShaman	true		100	50	1	20
TrophyGrowth	true		100	50	1	20
TrophyHare	true		100	50	1	20
TrophyHatchling	true		100	50	1	20
TrophyKvastur	true		100	50	1	20
TrophyLeech	true		100	50	1	20
TrophyLox	true		100	50	1	20
TrophyMorgen	true		100	50	1	20
TrophyNeck	true		100	50	1	20
TrophySGolem	true		100	50	1	20
TrophySeeker	true		100	50	1	20
TrophySeekerBrute	true		100	50	1	20
TrophySeekerQueen	true		100	50	1	20
TrophySerpent	true		100	50	1	20
TrophySkeleton	true		100	50	1	20
TrophySkeletonHildir	true		100	50	1	20
TrophySkeletonPoison	true		100	50	1	20
TrophySurtling	true		100	50	1	20
TrophyTheElder	true		100	50	1	20
TrophyTick	true		100	50	1	20
TrophyUlv	true		100	50	1	20
TrophyVolture	true		100	50	1	20
TrophyWolf	true		100	50	1	20
TrophyWraith	true		100	50	1	20
Turnip	true		100	50	1	50
TurnipSeeds	true		100	50	1	100
TurnipStew	true	Recipe_TurnipStew	100	50	1	10
TurretBolt	true	Recipe_TurretBolt	100	50	1	100
TurretBoltBone	true		100	50	1	100
TurretBoltFlametal	true	Recipe_TurretBoltFlametal	100	50	1	100
TurretBoltWood	true	Recipe_TurretBoltWood	100	50	1	100
Ulv_attack1_bite	false		100	50	1	1
Ulv_attack2_slash	false		100	50	1	1
UndeadBjornRibcage	true		100	50	1	50
VegvisirShard_Bonemass	false		100	50	1	30
VikingCupcake	true		100	50	1	10
VikingCupcakeUncooked	true	Recipe_VikingCupcake	100	50	1	10
VineGreenSeeds	true		100	50	1	100
Vineberry	true		100	50	1	50
VineberrySeeds	true		100	50	1	100
VoltureEgg	true		100	50	1	20
VoltureMeat	true		100	50	1	20
Wishbone	true		100	50	1	1
Wisp	true		100	50	1	50
WitheredBone	true		100	50	1	30
WolfClaw	true		100	50	1	20
WolfFang	true		100	50	1	50
WolfHairBundle	true		100	50	1	50
WolfJerky	true	Recipe_WolfJerky	100	50	1	20
WolfMeat	true		100	50	1	20
WolfMeatSkewer	true	Recipe_WolfSkewer	100	50	1	20
WolfPelt	true		100	50	1	50
Wolf_Attack1	false		100	50	1	1
Wolf_Attack2	false		100	50	1	1
Wolf_Attack3	false		100	50	1	1
Wood	true		100	50	1	50
YagluthDrop	true		100	50	1	30
YggdrasilPorridge	true	Recipe_YggdrasilPorridge	100	50	1	10
YggdrasilWood	true		100	50	1	50
YmirRemains	true		100	50	1	50
babyseeker_attack	false		100	50	1	1
bat_melee	false		100	50	1	1
bjorn_bite	false		100	50	1	1
bjorn_claws	false		100	50	1	1
bjorn_slam	false		100	50	1	1
bjorn_swipe_combo	false		100	50	1	1
bjorn_swipe_l	false		100	50	1	1
bjorn_swipe_r	false		100	50	1	1
blobLava_attack_aoe	false		100	50	1	1
blob_attack_aoe	false		100	50	1	1
blob_frost_attack_aoe	false		100	50	1	1
blobelite_attack_aoe	false		100	50	1	1
blobtar_attack	false		100	50	1	1
boar_base_attack	false		100	50	1	1
bonemass_attack_aoe	false		100	50	1	1
bonemass_attack_punch	false		100	50	1	1
bonemass_attack_spawn	false		100	50	1	1
bonemass_attack_throw	false		100	50	1	1
charred_bow	false		100	50	1	1
charred_bow_Fader	false		100	50	1	1
charred_bow_volley	false		100	50	1	1
charred_bow_volley_Fader	false		100	50	1	1
charred_dyrnwyn_greatsword_feint	false		100	50	1	1
charred_dyrnwyn_greatsword_swing	false		100	50	1	1
charred_dyrnwyn_greatsword_thrust	false		100	50	1	1
charred_dyrnwyn_greatsword_thrustfeint	false		100	50	1	1
charred_fader_greatsword_feint	false		100	50	1	1
charred_fader_greatsword_swing	false		100	50	1	1
charred_fader_greatsword_thrust	false		100	50	1	1
charred_fader_greatsword_thrustfeint	false		100	50	1	1
charred_greatsword_feint	false		100	50	1	1
charred_greatsword_swing	false		100	50	1	1
charred_greatsword_thrust	false		100	50	1	1
charred_greatsword_thrustfeint	false		100	50	1	1
charred_magestaff_fire	false		100	50	1	1
charred_magestaff_summon	false		100	50	1	1
charred_twitcher_scratch_l	false		100	50	1	1
charred_twitcher_scratch_r	false		100	50	1	1
charred_twitcher_throw	false		100	50	1	1
chest_hildir1	true		100	50	1	1
chest_hildir2	true		100	50	1	1
chest_hildir3	true		100	50	1	1
dragon_bite	false		100	50	1	1
dragon_claw_left	false		100	50	1	1
dragon_claw_right	false		100	50	1	1
dragon_coldbreath	false		100	50	1	1
dragon_coldbreath_OLD	false		100	50	1	1
dragon_spit_shotgun	false		100	50	1	1
dragon_taunt	false		100	50	1	1
draugr_arrow	false		100	50	1	20
draugr_axe	false		100	50	1	1
draugr_bow	false		100	50	1	1
draugr_sword	false		100	50	1	1
fallenvalkyrie_claws	false		100	50	1	1
fallenvalkyrie_poisonbreath	false		100	50	1	1
fallenvalkyrie_screech	false		100	50	1	1
fallenvalkyrie_spin	false		100	50	1	1
fallenvalkyrie_spit	false		100	50	1	1
fallenvalkyrie_swoopattack	false		100	50	1	1
fallenvalkyrie_taunt	false		100	50	1	1
fallenvalkyrie_wingspin	false		100	50	1	1
gd_king_punch	false		100	50	1	1
gd_king_rootspawn	false		100	50	1	1
gd_king_scream	false		100	50	1	1
gd_king_shoot	false		100	50	1	1
gd_king_stomp	false		100	50	1	1
gjall_attack_egg	false		100	50	1	1
gjall_attack_shake	false		100	50	1	1
gjall_attack_spit	false		100	50	1	1
gjall_attack_taunt	false		100	50	1	1
hatchling_spit_cold	false		100	50	1	1
hive_attack_aoe	false		100	50	1	1
hive_attack_punch	false		100	50	1	1
hive_attack_ranged	false		100	50	1	1
hive_attack_throw	false		100	50	1	1
imp_fireball_attack	false		100	50	1	1
lox_bite	false		100	50	1	1
lox_stomp	false		100	50	1	1
seeker_claw_left	false		100	50	1	1
seeker_claw_right	false		100	50	1	1
seeker_groundslam	false		100	50	1	1
seeker_groundslam_flying	false		100	50	1	1
seeker_land	false		100	50	1	1
seeker_pincers	false		100	50	1	1
seeker_takeoff	false		100	50	1	1
skeleton_bow	false		100	50	1	1
skeleton_bow2	false		100	50	1	1
skeleton_hildir_firenova	false		100	50	1	1
skeleton_mace	false		100	50	1	1
skeleton_sword	false		100	50	1	1
skeleton_sword2	false		100	50	1	1
skeleton_sword_hildir	false		100	50	1	1
staff_greenroots_tentaroot_attack	false		100	50	1	1
stonegolem_attack1_spike	false		100	50	1	1
stonegolem_attack2_left_groundslam	false		100	50	1	1
stonegolem_attack3_spikesweep	false		100	50	1	1
stonegolem_attack_doublesmash	false		100	50	1	1
stonegolem_attack_sonicboom_NOTUSED	false		100	50	1	1
tentaroot_attack	false		100	50	1	1
tick_attack	false		100	50	1	1
tick_attack_attach	false		100	50	1	1
troll_groundslam	false		100	50	1	1
troll_log_swing_h	false		100	50	1	1
troll_log_swing_v	false		100	50	1	1
troll_punch	false		100	50	1	1
troll_summoned_groundslam	false		100	50	1	1
troll_summoned_log_swing_h	false		100	50	1	1
troll_summoned_log_swing_v	false		100	50	1	1
troll_summoned_punch	false		100	50	1	1
troll_summoned_throw	false		100	50	1	1
troll_throw	false		100	50	1	1
unbjorn_bite	false		100	50	1	1
unbjorn_claws	false		100	50	1	1
unbjorn_slam	false		100	50	1	1
unbjorn_swipe_combo	false		100	50	1	1
unbjorn_swipe_l	false		100	50	1	1
unbjorn_swipe_r	false		100	50	1	1
volture_talons	false		100	50	1	1
wraith_melee	false		100	50	1	1
